id,name
0,et nobis voluptatem
1,id illo est
2,consequuntur deleniti incidunt
3,blanditiis voluptas accusamus
4,fugit laboriosam molestias
5,quisquam distinctio maxime
6,aperiam modi repellendus
7,voluptatem error non
8,autem quia et
9,similique quia velit
10,ipsum consequatur quis
11,in debitis est
12,iusto quis placeat
13,nisi et reprehenderit
14,eveniet quod et
15,sapiente aliquid fugit
16,nihil tempore ut
17,rerum quas deleniti
18,dolor at quo
19,doloremque aut consequatur
20,veniam nam consequatur
21,quasi vitae laudantium
22,inventore architecto cum
23,dolores esse pariatur
24,id cupiditate et
25,laudantium dolor aliquam
26,hic enim explicabo
27,sed et aut
28,in a nulla
29,expedita est cupiditate
30,molestias est omnis
31,et voluptate ut
32,mollitia praesentium quo
33,ullam dignissimos libero
34,eum aspernatur quia
35,excepturi qui voluptatem
36,eum sed ipsam
37,sed nihil sunt
38,inventore neque similique
39,et ratione harum
40,et est quia
41,repudiandae at eius
42,aut ut sit
43,et doloribus et
44,adipisci voluptates amet
45,et expedita tempora
46,et animi quis
47,nisi molestiae pariatur
48,fugit rem voluptatem
49,fugiat error omnis
50,aliquam voluptatem et
51,numquam beatae quo
52,reiciendis reprehenderit facilis
53,illum quae et
54,culpa quis optio
55,et temporibus dolores
56,quis ex quibusdam
57,est omnis in
58,quia facere rerum
59,nulla pariatur ut
60,est culpa et
61,qui autem enim
62,fugit similique voluptas
63,iure laborum consequatur
64,eaque id nulla
65,eaque tenetur consectetur
66,possimus qui distinctio
67,sed consequatur quis
68,harum mollitia dolores
69,eius aut quibusdam
70,qui odio pariatur
71,harum aut sit
72,eligendi tenetur aliquid
73,amet et qui
74,placeat sequi modi
75,unde id veritatis
76,saepe et ut
77,quam ratione nostrum
78,fugit corrupti aperiam
79,consectetur sint aut
80,consequatur accusantium ut
81,et minima sint
82,est et nemo
83,rerum ipsam dolorem
84,at hic est
85,quas reprehenderit porro
86,reprehenderit perferendis qui
87,nihil porro expedita
88,possimus ut enim
89,reprehenderit veniam sed
90,non molestiae voluptates
91,sapiente ut et
92,dolor harum tenetur
93,eligendi velit rerum
94,necessitatibus quidem dolorum
95,fuga quasi rerum
96,voluptas fuga id
97,consequatur est minima
98,ea reprehenderit quasi
99,explicabo aliquam quos
100,eligendi dolorum aperiam
101,ullam nemo magni
102,distinctio qui laboriosam
103,voluptatem rerum esse
104,itaque dolores impedit
105,et omnis repellat
106,autem voluptatem eum
107,autem voluptatem consequuntur
108,quaerat impedit aut
109,minima amet harum
110,ratione aut cumque
111,rem ratione nemo
112,porro molestias et
113,repellendus qui aut
114,est nemo in
115,cum aut eos
116,deleniti sed id
117,non unde fugiat
118,sed occaecati ut
119,vel temporibus vitae
120,nesciunt laborum expedita
121,nihil quia et
122,nobis et ullam
123,ut nemo mollitia
124,inventore earum id
125,delectus sint aperiam
126,eos ea eaque
127,aperiam tenetur eius
128,qui unde quia
129,veritatis voluptas earum
130,porro tempore iusto
131,laudantium aut doloremque
132,voluptas maxime molestiae
133,non eius a
134,qui minima praesentium
135,aut adipisci laboriosam
136,porro rem dicta
137,in architecto dolorem
138,accusantium iure officiis
139,neque repellendus aut
140,quia reprehenderit iusto
141,veniam sit dolore
142,expedita veritatis nam
143,earum molestiae magni
144,dolorum dolor ullam
145,labore sunt ab
146,dolores et cumque
147,reprehenderit qui ab
148,distinctio qui nesciunt
149,qui aliquid aut
150,dolore voluptas et
